diameter,closeness,clustering,betweenness,edit count,editor count,article size
26,0.15424229797092034,0.0679328167080626,0.0016721718021366126,9559,3490,134256
32,0.15396580100928586,0.06605701342064904,0.0050543698898833644,2871,1184,94764
39,0.13101392222947542,0.033089857022707,0.003018572073619669,4844,2359,89884
37,0.12206065388708794,0.05690392291698882,0.007460154094072736,2468,1042,98725
24,0.17065840861154846,0.047584764093571146,0.009609957985470983,1291,561,54797
23,0.19778050929898489,0.18851139678423362,0.009516836857218885,2085,477,87770
51,0.11820404503059888,0.0469782709705047,0.0035907800813926756,6114,2308,104126
34,0.11059089148721546,0.0205240448217803,0.013378788083893521,1237,643,49783
29,0.139305822442566,0.058860343915505466,0.00205410527669806,7653,3204,103035
45,0.11915436274231608,0.04429663951743727,0.0030251620527063663,6302,2652,121870
27,0.14850741235525683,0.03820266607472198,0.0015742033674201838,9537,3827,203418
83,0.08062734852755929,0.025431815698376853,0.010404177701135265,2371,1250,50061
44,0.16026741570055697,0.09510179935555528,0.0030124704569011976,4326,1930,66491
38,0.09409155177186768,0.04462042261936292,0.056746327994928215,465,190,37792
24,0.17629191574102562,0.11488496252040044,0.017183901595923774,1046,300,106693
39,0.12003133724491007,0.06595488270548917,0.007869218116963022,2526,1031,133606
42,0.12342709169983539,0.12316652879441926,0.011274996759315915,2404,709,116643
44,0.11339914235285327,0.030211056520823218,0.0038698175443086695,3937,2196,82540
30,0.14797622180473485,0.052035951602697195,0.003533615587606202,4258,1732,102952
30,0.13713941545005054,0.03936633381688838,0.004711598655327298,3428,1430,95575
37,0.1262924094721345,0.033114859439492945,0.003765559876512969,4432,1973,57701
49,0.11942357216246428,0.052201139618339755,0.003207835665874579,5576,2526,103088
55,0.08039768288656168,0.027116320914177462,0.011092005828596409,2850,1103,91884
25,0.17119110044920358,0.09020495872585457,0.001325093976813613,11566,3919,173854
35,0.13923316589035992,0.1048400146647109,0.009192912825971757,2663,746,243998
41,0.13714731521763698,0.09374415029016164,0.010946162814881866,2203,654,67281
59,0.10836912080280738,0.06460648351325174,0.01506296086415057,1384,638,40081
39,0.13402850229704844,0.0402005377617203,0.0019635774799714617,7641,3526,102606
72,0.048774393170812676,0.014271123694711965,0.1064605928215872,423,212,68959
67,0.08285833597008554,0.07773463081202074,0.018624519524318418,1387,695,20777
45,0.16317180701293105,0.08998261816617835,0.002160029220471098,5722,2608,78424
55,0.09807884840696411,0.04498586419897109,0.02445283001550327,804,421,44154
31,0.14924665757642863,0.10021963005829991,0.017825791497165414,1445,357,82372
60,0.1120445154927742,0.02487357316914924,0.003040336762817335,5963,2840,82232
33,0.14417810190143557,0.0734696162905397,0.012828997756304389,1715,510,70803
38,0.11715068092977847,0.028141326016837134,0.0072256515938627485,2285,1122,95031
35,0.13867032007011992,0.05797762315672078,0.004995839961137608,3396,1351,161624
53,0.1533459552762508,0.08812193795335582,0.0017204137103290073,7873,3485,143083
27,0.21398699308206923,0.177057010794342,0.0010240400576459114,13164,3872,137116
57,0.13409634915564136,0.060935777518647635,0.006140778470014339,2987,1225,52059
25,0.1299217694254774,0.050776704545885676,0.039371626465691416,407,190,67046
34,0.11888120984901211,0.07525535728978874,0.014880157992662534,1734,543,85560
35,0.11379421905722409,0.040746742437527586,0.00437057198870743,5193,1899,104437
25,0.15036660562933898,0.05502942184003813,0.0029178268496690006,4895,2059,59724
24,0.14374505915344007,0.04240752194985394,0.006994160898141029,2114,901,89570
30,0.16042651739553732,0.06666494073132587,0.002169926978436239,7014,2570,145868
66,0.07818787882461926,0.03433047167122763,0.03685773131350807,971,385,49674
40,0.11214438548980797,0.07162313801070501,0.034320855640842286,970,264,107266
53,0.0735828975730403,0.022425957602166875,0.04363920841901422,1002,319,57629
79,0.08471710232536314,0.056012178655356154,0.023856175897619764,1560,567,90127
26,0.13734474544737207,0.05966350764073914,0.013611710446841778,1405,501,92384
37,0.1559796274962575,0.07932466569217435,0.004144712698326623,3268,1480,104209
42,0.12326170245945928,0.0327777380861162,0.003916613641765909,4366,1973,73278
31,0.149613129606977,0.054460911667497905,0.003335818777224659,3853,1836,72789
44,0.0993123397804879,0.041573261344801604,0.041208595337525404,924,251,87075
70,0.13784177982848037,0.04487061814578077,0.0024316818002888966,6501,2862,125762
37,0.15615551403845576,0.11822932962276103,0.002427534045197812,6913,2476,99142
27,0.19891524410310438,0.14907209177221,0.002297937930182245,4688,1929,55852
33,0.13020394083213718,0.07948483652501284,0.024977874796276736,1159,296,67504
39,0.13451294478336503,0.07610915161865642,0.003476492522969283,5050,2002,78010
36,0.1472961848503266,0.0563613780925674,0.0031528417830928327,4692,1996,92887
38,0.140188996589243,0.04377831218287472,0.0030348462012669553,4962,2191,92117
39,0.1416843895758447,0.04491320039952816,0.006908393794909319,2366,956,98708
37,0.12728928101855147,0.042032145382087834,0.006270320557952346,3300,1184,132356
68,0.09545384175383392,0.04081377262764282,0.01492545067018268,1680,754,82646
49,0.12544749177123055,0.05109129457329546,0.004158258369125347,4421,1856,112177
39,0.08370226254694721,0.06459018541544839,0.0386053597874549,816,318,43671
43,0.10292836138664548,0.05827672590346839,0.01801928350476955,2153,536,123242
22,0.16005038465024496,0.07532163302315761,0.019280749403305576,1335,300,93916
54,0.15609425983280506,0.102075737345178,0.0033625226481944566,4413,1877,71631
39,0.12945835193220975,0.04890404259312682,0.006958315987578568,2449,1047,69714
47,0.13138294645767773,0.07774386311337601,0.00470697869714128,3978,1551,175350
41,0.13546758717759896,0.09087088439424536,0.02890191346502785,1175,267,117524
40,0.1539812614429205,0.05093406900419221,0.002082084469870278,6528,2913,92898
52,0.12481222441125203,0.03931894062109589,0.003406184621901959,4570,2216,68446
31,0.15208274691473542,0.09712462105229473,0.0047659754723799784,3901,1302,66793
55,0.07416129500736977,0.03151342105659001,0.037309395073823554,1450,366,64978
45,0.07889802894668475,0.022271647667885797,0.011946313826696482,2036,1051,59291
31,0.16784502844593224,0.11168530470328372,0.0014663035165289643,10307,3660,139266
53,0.1074379152481462,0.044859077030334836,0.003844979737722608,6186,2364,147382
30,0.12007819061172137,0.03694926524729711,0.005692468436772972,2788,1375,30201
31,0.19857550236310362,0.12618852754532608,0.00621087653413107,3351,750,102220
58,0.11996399089283799,0.04980324072563298,0.006063390742139493,3103,1347,60961
34,0.12264852047836225,0.06957902916883119,0.009114364637109946,1948,832,46287
41,0.12688109498431718,0.0637423878150871,0.030836162462906335,675,262,61486
36,0.1353135878924775,0.03827387009200013,0.0032361928776331915,4548,2100,65148
39,0.12954352961741064,0.04134840838696233,0.00441810818217581,3867,1659,107290
29,0.1488873262026175,0.09238367718828608,0.0023450157578159196,6600,2583,179336
51,0.08978782384479403,0.048713940463047715,0.022663773761641994,1096,505,103791
52,0.13059316117016487,0.09627900721000755,0.007658289658289653,2611,1001,102359
45,0.09049257666420128,0.03837388671203174,0.020058585678132665,1245,553,129516
125,0.04041429930494358,0.03996509507069365,0.07003591461983084,969,427,80274
27,0.15262784569312263,0.041831770122100445,0.0024113906545218215,5751,2438,142737
28,0.15390134245766585,0.09393544741460907,0.008830562772651257,1860,679,77095
23,0.15131452036662385,0.046270058947457345,0.009251803574443117,1512,647,67578
20,0.19984288455045016,0.161535601895079,0.040505789690236875,556,108,28960
43,0.11995295145576215,0.032596874541259604,0.004010948503396768,4228,1992,125068
26,0.13762989497331185,0.040440901736214174,0.006551044786763658,2245,1026,98710
44,0.13992023113522853,0.05902440084445272,0.003031884761547417,5039,2210,183054
38,0.10812479298651184,0.027747517934107135,0.009032985504434604,2079,990,63833
43,0.15250123089302398,0.08513840653007186,0.00492815597422958,3344,1276,70992
31,0.14438652937888263,0.04016485981324921,0.002331821135177181,5453,2682,100397
48,0.15558450711654612,0.052419428878473694,0.0021559925171480226,6256,2710,97951
24,0.1551674670886276,0.0952812663527099,0.013372599069851838,1470,437,52331
56,0.09427667220699824,0.024105818688958235,0.0080359672862739,2564,1321,90515
28,0.14182755533361321,0.05561672928804767,0.011432085625298271,1516,577,57917
44,0.1310712124253384,0.04902654826160041,0.0020381541380718477,8521,3524,116184
39,0.09239307753081441,0.04726018793789878,0.04986347070046957,509,220,51543
44,0.11283856959590066,0.04775094919440176,0.005518529905208919,3472,1549,78421
31,0.14883864203409727,0.0690154489360741,0.002144893787246075,7517,2839,156297
34,0.1406647644208044,0.03855714317427263,0.0031771449661916785,4420,2058,82264
31,0.15230464549288283,0.07183559515395896,0.003940880620900003,5469,1539,104974
53,0.10252346078354053,0.07449599973053334,0.023369569272930612,1771,442,83557
29,0.13238412088861648,0.028591910829967888,0.012570950481347196,1080,561,36047
29,0.13809990155762905,0.04700621622980086,0.008279642907699551,1993,811,61246
38,0.11481119823880326,0.03026674074786173,0.003185490744131889,5878,2549,137456
51,0.11179582570084147,0.05371172130633431,0.004898534837354404,3772,1750,60350
53,0.10283357670003507,0.03740371701966997,0.0034363915483085865,5458,2722,133651
30,0.15069861328238873,0.12340127094290047,0.058804572072937884,382,117,18996
54,0.10119656996281451,0.07245538094002447,0.006790613561412511,3756,1431,145205
18,0.2449637276747952,0.22699408441279315,0.002558228477569796,4923,1303,133405
36,0.12194045864649455,0.05657978429396016,0.008185028473348246,2015,956,79663
31,0.11667610754689442,0.02535281069958505,0.015034762126504243,1240,543,43718
35,0.14876091569478117,0.06248328730537227,0.0050706597102051915,3014,1232,121588
29,0.18391230218562282,0.1031127944047598,0.0021066599892109643,6917,2276,109583
40,0.1371158035805478,0.05063993629942184,0.0029418365678655152,4804,2302,104206
31,0.16976236128741273,0.10253195559842006,0.0015443864862721504,9291,3387,171148
32,0.15061788635934834,0.042555826295739035,0.00279406512706957,4752,2151,136890
36,0.13704553439540149,0.059063209329883196,0.0033803104331975036,5033,2023,140061
39,0.1269136584870959,0.036014237660068844,0.0025226640144920777,5819,2926,100692
33,0.1637430104313135,0.06855882633074893,0.001802858563582037,8108,3053,129400
53,0.11637361397017262,0.04497086470732662,0.002301872864710158,9124,3564,96986
40,0.11830348978752811,0.039048056370145454,0.005609577712115974,3365,1438,87101
31,0.18534528231840242,0.14229144897332524,0.005918847420735066,2108,844,41119
53,0.11741518123371547,0.05832779582880836,0.0037970960694785377,4668,2197,122129
37,0.14171120242541568,0.06543265261131524,0.0035903591861498425,4601,1832,122105
26,0.15652599310531673,0.0666427909918996,0.0008922448392725276,19085,6392,255527
37,0.14627995996930118,0.07516878713079804,0.0046813258417060044,6165,1418,131080
62,0.10670690384137589,0.03435085068382027,0.016825008958917014,1113,547,59016
31,0.17191977754976698,0.07619996288892188,0.001944913945737783,9351,2674,90924
29,0.15945996564286619,0.07614231042393392,0.005271302617635375,2913,1093,77380
31,0.14971529944777665,0.06628748757575127,0.007802604842478833,2252,790,71033
43,0.13829897684915327,0.040662974748281545,0.003012807233599872,5157,2253,114710
54,0.10863984520111014,0.023459325975664358,0.004539335235771633,4257,1942,133524
46,0.09485027975886877,0.030700705768938838,0.021186372935433826,1861,493,57622
26,0.15631427602664802,0.045463145115464454,0.0023802058790341456,5623,2432,101009
34,0.14156013030825998,0.05965955069245283,0.006868715830826915,2350,965,44636
48,0.08964517241783328,0.05689713441766821,0.018489055566999223,1250,614,44140
37,0.12906181930370902,0.06669641897920474,0.009083705899258412,1976,820,118157
33,0.11297162142746942,0.03940645332115077,0.013040336663120804,1378,659,34799
26,0.13934706268022123,0.029130161193332192,0.0020474363196360465,7259,3143,103447
35,0.12957614092476757,0.03463130152402173,0.002948438366690006,4908,2415,63047
28,0.14858439691103076,0.08329538936673551,0.00897441224546192,1754,691,86679
48,0.07229850139141165,0.05323542804545619,0.08029383624536868,579,185,54004
29,0.1700472737539538,0.12074722955529667,0.0073895823746298805,2269,733,57742
34,0.12261570068636557,0.04419223216384015,0.01055079344259917,1894,736,76539
77,0.08731958478173522,0.06774504773862393,0.013339067224097752,2402,890,70751
57,0.1509321489163484,0.09023278236988633,0.004403899841512986,3302,1505,49732
30,0.12538511549737055,0.06445098883744073,0.02572838632160666,837,297,38153
27,0.165808153962075,0.0906634544528309,0.005573558465277794,2388,989,58908
26,0.18985850478873945,0.10563152410852661,0.0014491123012432584,10402,3175,124570
34,0.13181156986401482,0.02866371390722047,0.0018290439332589758,8890,3839,116104
34,0.1438191237341049,0.09152368143147321,0.006909663276157222,3203,947,236550
31,0.1487441528655855,0.07589529941125185,0.00683130528405672,2079,913,75028
25,0.1556257577817758,0.11064784265438746,0.013083844159456404,1389,454,50797
25,0.16062521512747482,0.09472669906979078,0.008525441597698639,2557,664,96732
38,0.11584502639132992,0.04392917887934736,0.017901088013587616,937,469,80162
23,0.1557849826989637,0.06872637493656106,0.010727196665539894,1274,546,62401
28,0.12152535748012702,0.1227010973963953,0.03669904869764049,1121,214,50512
34,0.10966632210440729,0.030244024055080757,0.037126528409380355,661,245,44616
33,0.14643089907174275,0.07162513160704745,0.0031088384889999413,5569,2016,129708
38,0.13072123321224874,0.0639817013782901,0.0024715601171827486,8958,2890,141330
27,0.16061779466535697,0.0693896233316526,0.0031520838852377316,4485,1771,155511
47,0.13232779489303845,0.05070818398244425,0.002171466424400614,6546,3287,88700
30,0.12809348976612245,0.05750588620242852,0.031019563418346382,552,241,36140
41,0.1701882452606844,0.12142998258782428,0.003789608255237905,3770,1426,53317
35,0.13079033801464365,0.035501093803060116,0.0022182683546610395,7506,3209,135912
27,0.165109400460032,0.08276199667002147,0.0028410177496836055,5477,1944,93404
34,0.1415703560211359,0.06816990264405588,0.01871432519871774,1054,366,44399
39,0.12225983344989343,0.03783886706739349,0.014193222223950367,1115,553,98695
35,0.1104330544287616,0.05197191955045243,0.00713999855712637,2553,1220,50532
46,0.12377382730281104,0.05553272468975862,0.002713548994282597,8223,2834,132813
29,0.11292287972859853,0.05224636894846822,0.01347851224498965,1961,622,99826
36,0.12418962047906107,0.03386433706698528,0.014011132944816101,1482,559,69738
45,0.09445538986745776,0.04173966089916205,0.010076243194975328,2182,1049,71596
47,0.09890184451951152,0.03169686840002746,0.004493973869554946,5107,2180,162661
43,0.14113218767138244,0.08395550338415389,0.004733798750232824,4532,1458,132608
51,0.12312199998249272,0.05282241308245596,0.003961594437781356,4771,2004,131504
35,0.14023127975307634,0.06021295160628034,0.005442588237055525,3050,1220,79500
34,0.156866430804413,0.11665214210725552,0.03573187147350727,1016,180,75436
34,0.11056583616188798,0.028791149532408862,0.04667460669923426,444,188,35884
32,0.159289173943262,0.08925676694986902,0.0018907541120691718,6644,3030,79572
45,0.07431838412147039,0.032115001030684535,0.034856388521153206,1016,395,29632
65,0.06800662881833891,0.0835066012787394,0.03309264078670348,1600,451,41311
26,0.16164906977880528,0.05605258298506104,0.0017596913638543087,9311,3104,154430
31,0.10600589760180669,0.022041201078311777,0.03290673545319231,604,284,43597
33,0.11640566576235568,0.049962400847327545,0.009041618815227935,1829,924,67058
25,0.1506463034006426,0.05430757230298287,0.002231876340498313,6538,2680,131642
39,0.11697257817314832,0.03717598338164735,0.0026742845488002273,7283,2997,201298
46,0.14832097190367294,0.08649365635225366,0.0059150213819208,2826,1102,51737
35,0.10292988446798593,0.025282197171679205,0.03242250454535251,605,300,36944
27,0.17326196464757154,0.09551753770198664,0.0009034609893684449,15191,5637,221561
40,0.1554552606090839,0.08374894445854492,0.0036852375076412737,4026,1600,123665
23,0.2429275754294005,0.23085666541436348,0.0011775029719077986,9464,2852,148893
22,0.18755252731679026,0.13487798291531028,0.009126512864436836,1962,527,89780
28,0.18723797780679005,0.10610865176243915,0.002921664729505905,4128,1631,133412
43,0.10221956770464366,0.04748610390223655,0.012201123078014115,1767,799,60447
34,0.10402306088507383,0.043757667735106386,0.052355470466386285,378,180,26681
33,0.1449203325989501,0.07966820349632159,0.014899759437574562,1542,442,88765
36,0.16256184906119794,0.1143927847904577,0.0037195901947586164,4009,1531,81920
29,0.17895247210710954,0.09389400143771774,0.008092462603406575,1910,618,78253
42,0.08996212218077869,0.027514167011687247,0.014595358750281355,1407,740,32252
28,0.17346608234308236,0.15517055849199446,0.02108868352788586,759,257,21248
25,0.18773387495943678,0.11226019761229122,0.0010683694009566156,15043,4291,104385
55,0.10622380515809719,0.05050966092560785,0.013926484804376358,1779,681,101225
39,0.1364053195902355,0.0570160555762523,0.0077970011553592615,2365,892,103639
26,0.1834384616739605,0.15524424958457417,0.0277559990496555,1286,185,128120
35,0.1258399211791721,0.028450507905738668,0.002027121589183568,8383,3623,121750
34,0.1349367396290811,0.040371316303514246,0.0023956807110946973,6743,2847,134902
60,0.12046552539984957,0.032294725384429214,0.004207754784087357,3829,1903,64516
42,0.11422497670716783,0.08863828915857125,0.00674030704796815,3200,1288,89070
18,0.17956812261176713,0.08112789419252955,0.022149277264477452,1095,227,98288
32,0.14581637217678775,0.12255382597440231,0.06574837952099036,547,103,84697
43,0.10490675797911107,0.07323753607708514,0.028083920196673613,1272,342,76404
26,0.17101415011939597,0.07582779668513243,0.0025507319302832563,5530,2023,215477
27,0.18119099691903517,0.1110308687214102,0.0019431605458445941,8426,2488,165147
40,0.1137797984834614,0.06783280188611827,0.023100593713107073,1137,381,84061
31,0.11106085362793018,0.027680311207925124,0.00299862210421647,5598,2807,90354
30,0.14194299432604257,0.03975092104951988,0.002310917707414453,6603,2738,130593
42,0.1469606029205586,0.08260262408859442,0.0028210133650500243,6928,2296,167179
28,0.15156391307652195,0.055845840379046434,0.003084281360115497,4998,1945,120562
31,0.14938197204710396,0.07264827198934545,0.0061153534285752495,2661,1006,129701
21,0.17805247028510315,0.12494806969911391,0.015258363198304216,1507,335,72675
67,0.1380775868756868,0.09130168811443812,0.007398969997615098,2450,983,114305
26,0.21094764709740813,0.12749970359236543,0.0060427270474410115,2408,688,131092
44,0.10127523804920952,0.044028622228156546,0.010044017718276847,2254,995,96869
34,0.10951264256779884,0.037597663459278376,0.010952563988381236,1538,801,96102
24,0.17210767711192554,0.07229393723220191,0.0012364263199397007,9991,4143,153081
28,0.17232662901613668,0.09041380148426072,0.004835690596619387,3116,1074,103757
35,0.1387811162053504,0.05027641357914941,0.0021932713821838025,8951,3008,193324
34,0.14366073211034106,0.06116928714400626,0.0010250608486357716,15365,6155,141131
71,0.07837661681566499,0.030944381101878863,0.012131988547296588,2689,1128,117040
31,0.18944596902083208,0.1521849802723596,0.0020384036558786242,6805,2281,104310
28,0.13531933030747148,0.06146973688201767,0.008287927717968917,2363,828,81313
32,0.154978421024463,0.1256050011882917,0.00655305650459813,4426,920,161125
42,0.11016867708574149,0.040217525493142635,0.0068478232428712225,2502,1258,66183
29,0.12378470507278161,0.06438850316225543,0.03560169349855088,557,221,48891
32,0.12673262521195053,0.03987303687187134,0.004748253179621597,3659,1544,131758
33,0.11026548264148474,0.07414494315647724,0.030434893766222382,681,292,47875
36,0.17969734688443373,0.12696417882844005,0.0009175561111587425,14717,5427,173752
37,0.17379074851867665,0.1812006254148536,0.008710238428669428,2894,649,94733
38,0.14030461846260356,0.05297089133810243,0.00652014477514682,2988,1034,70262
41,0.09652333720652735,0.02853261152884387,0.012415254078082994,1803,806,64977
29,0.1674132909169003,0.12139327631459833,0.0011137643108086973,15914,4752,203859
44,0.11070753555656528,0.06459503906292478,0.016080254674645918,1346,561,65556
43,0.152922566018385,0.056336348051105045,0.0011919926968015854,13363,4956,169027
25,0.1937897120609593,0.1251814310616547,0.0006232656047038238,25509,7030,293351
34,0.1256053689999042,0.029769081315567675,0.006875277053282881,2700,1095,94268
48,0.09966986856048093,0.027966123518426648,0.010561567600085045,1909,939,61804
35,0.12420655487347722,0.06071345883266832,0.008151242498975848,2415,964,60589
34,0.15272020334758454,0.07130066717573122,0.004347337001188012,3944,1395,160586
44,0.13256016965542178,0.07764876998441184,0.010585568115119353,2146,696,77050
46,0.1227332611429914,0.03461096917403576,0.007754829022678555,2366,1009,62142
35,0.13763239239106334,0.06855984979705615,0.010644695707339783,1671,655,57727
40,0.13031815110399184,0.05015476656775011,0.010235336059931736,1720,710,103776
34,0.11282362893330013,0.029629922454333508,0.01663042905002331,1101,518,106956
28,0.1899449949490408,0.12861096769242303,0.0035231059314913445,3290,1351,93039
56,0.12151171719704955,0.053569049227674456,0.0029194615967985268,7194,2702,184627
40,0.12697003108647606,0.05597511557259575,0.0032709872592202095,5323,2282,146975
40,0.12317624115071865,0.042653335155129306,0.0023506429389775715,6703,3251,81595
29,0.11403427056598142,0.06478091493851966,0.03213330248213969,659,260,77591
63,0.08001986058609159,0.04322181237305981,0.012856174509612305,1721,981,35799
39,0.13230500635881265,0.0269303424406401,0.0032730296787355324,4386,2148,120847
37,0.14446357364647106,0.08182478665731488,0.0017451682105890424,11119,3707,264391
57,0.14560431084726064,0.0950939984551598,0.0023180771559024953,7836,2809,133534
34,0.15731505636735882,0.06658612203161465,0.002434371855064333,5742,2386,94602
58,0.13545829552418143,0.05056260655143626,0.0013273201468558748,13592,5198,126637
25,0.15875898708134079,0.061635971291869006,0.0058138604642828185,2865,992,112082
49,0.11887973826677799,0.048385272142645284,0.0021790083829128053,9641,3772,214989
53,0.08054017661308942,0.03980225941233386,0.026788524563549507,1934,491,66302
29,0.1622391004799675,0.10778756602492236,0.0024659802840317118,6492,2247,172847
33,0.13597195736996814,0.042273891249717664,0.0026033181696854023,6910,2641,112738
33,0.1401338311673215,0.06053118871211618,0.0023500322950833316,6910,2809,68313
37,0.09822947346076664,0.024605146674195083,0.016858718106678085,1330,590,86580
43,0.13031872452153603,0.046028935125718984,0.002977134174630801,5922,2410,103728
43,0.10853626812835418,0.09478082397617682,0.07564048140369692,693,140,46604
26,0.16559471763221686,0.07336710473721562,0.0024394373494355244,6557,2200,226169
59,0.1462722173196236,0.18046422302657636,0.01714768604575168,2156,430,131102
30,0.12701420595341512,0.041376059847472293,0.006397003058341863,2799,1158,85280
36,0.13404228895268966,0.05289483287986974,0.004118127466027206,3819,1693,218753
20,0.2035116638300297,0.1572621593676285,0.010033087909625715,1185,426,47945
23,0.17950150869647427,0.12708306361805244,0.006146879830648175,3926,792,223473
29,0.1724705563352189,0.13524775924054064,0.0032369102651587816,5263,1634,87490
29,0.15451570980264212,0.061825198179641924,0.006874527822152602,1920,866,74386
43,0.13718576138334498,0.037748413909450565,0.0024093564645096383,5780,2810,78752
33,0.12803532418247318,0.06305245424050422,0.005700849513265856,2854,1292,140088
34,0.14748781357512447,0.06583622637251955,0.00837143072451453,1685,746,92651
31,0.1510449604995591,0.04620789434966338,0.002732651327473302,4965,2204,96155
43,0.08796488428357237,0.07406425108484271,0.054603307320698624,532,209,51919
66,0.06807552221155849,0.024272979624558877,0.014558567579810696,2169,1025,79341
27,0.13557459456846002,0.06594317614848294,0.009282286946510166,1992,755,59306
32,0.14384364645447287,0.04043661291048314,0.0023067369292886024,6600,2723,129036
31,0.13903384194886978,0.08029520656982005,0.01973987352911142,1406,347,77354
51,0.09711976390342755,0.08548920806168653,0.020613007942911193,1464,503,33757
42,0.10612070030046947,0.03254775585629077,0.00986179427723201,1890,932,151187
37,0.1271762819105105,0.03256908924231883,0.0025573719734621526,6826,2860,140156
36,0.15105766113918404,0.0665568179335324,0.002144878374849282,7799,2787,140870
37,0.14243129586555192,0.05180485550171375,0.00264967738154606,5606,2484,64035
38,0.1365497038460795,0.08063378048276748,0.006535720640022147,2511,1058,114485
43,0.1374556586635378,0.05135230269462456,0.003291011469761979,5714,2088,142495
40,0.1363223460192418,0.05919305108511832,0.00198720384067981,7551,3427,117995
73,0.06734693674774321,0.027306602925797972,0.0490012468128037,561,323,51596
31,0.12954628507806953,0.03414801601325706,0.006749450589344044,2082,1062,31522
31,0.11462830838975101,0.0240692151543848,0.00601192627613352,2883,1367,86173
29,0.11464103629350227,0.0288049542684337,0.02508902372144661,637,329,42045
39,0.13311561101381014,0.03821491037462293,0.0036005628386705174,4440,1950,92580
45,0.11373354721003398,0.03297142878009437,0.002507676613780173,7701,3330,156645
40,0.1293969508547204,0.0886941626982796,0.018185024898056686,1066,419,56120
34,0.1273483554215971,0.06760529592868436,0.006825664475447489,2492,1091,59699
39,0.17472859365765098,0.098053783249962,0.0026561247227166983,5516,1912,131288
26,0.1916237338375337,0.1328471417586134,0.029948256630927563,803,163,53285
46,0.13794742355337403,0.07371438489354688,0.0014231591041792618,12111,4708,151222
50,0.09530979283635771,0.05597686276871999,0.02474280725023911,1036,446,62977
45,0.09555951729808547,0.0416848202967777,0.02123012594957166,1229,497,35139
35,0.1447517112210492,0.06889731521272341,0.0042511190318628034,3615,1524,63097
54,0.07321184345520418,0.03017237582643137,0.008734437139422018,3528,1542,116962
43,0.14703124144695057,0.0546309594620769,0.002647677660642664,5445,2397,149468
28,0.15979209171008274,0.08817842461953641,0.006978891997162405,3214,821,140402
38,0.1258972471495542,0.07786430082229347,0.005462935085667952,3318,1419,85306
30,0.20455135051524767,0.1595106249013155,0.0015132107991022003,8036,2811,152653
62,0.09486539631738049,0.047950335129225134,0.005363688516437473,6093,1977,242229
30,0.129095108099521,0.04389260084851158,0.008098709583829163,2128,900,92890
41,0.12350830177442292,0.0568929494264772,0.003702524810466098,5048,2066,116762
37,0.13424072367507453,0.04714276953184866,0.003755788825716397,3818,1853,79086
36,0.17041646547654682,0.09564767151169783,0.0012716344740877066,12634,4103,191492
39,0.12893635842804105,0.0628291989326379,0.003971015238664595,4636,1831,128391
37,0.13667694699527458,0.03181907208054244,0.0026579008312854232,5530,2535,92537
25,0.1574495915238727,0.08819707831919478,0.006970854056679801,3215,828,168859
36,0.11689601039608324,0.062345345819084456,0.008659960816895382,2383,942,92237
27,0.1485338871893919,0.05439041870848417,0.0026328684925105944,4846,2351,70389
26,0.14904260663733224,0.04529087257696584,0.0018297953527588338,7551,3289,125962
34,0.0928693477249404,0.03691401738756145,0.05091550525244525,508,212,34119
31,0.1522528641751693,0.06604501977539078,0.002348511323608014,6727,2574,159253
56,0.12316305849164953,0.0322882244555741,0.0022544661594096752,7805,3390,153982
26,0.1438140017243719,0.06300704181389272,0.004425975301599021,3383,1436,111741
44,0.11913292380299471,0.054386474399453336,0.0032091931854583665,5907,2514,185771
38,0.10274451483221508,0.04060867481018351,0.008541403753226241,2418,1101,79031
27,0.14870966730188404,0.07206889183527512,0.015123476348444336,1230,414,77572
33,0.16903981499446621,0.0690315095705709,0.0021215083311146707,6899,2500,142378
32,0.12401615933387836,0.07838046293102187,0.025840159172766355,899,304,56583
40,0.125085446026183,0.033968204487864875,0.0021078362956881732,8411,3559,170665
48,0.126468806880796,0.053703963527735654,0.007613509899605554,2599,1017,91461
34,0.10590980858703151,0.06498120595299957,0.012755158443829934,1675,710,108740
19,0.2474502630420727,0.17534617838449876,0.016140412309723334,1408,216,59936
34,0.15096512045927749,0.05061833738931921,0.0013168564251824187,10132,4510,88917
51,0.13574456033839555,0.088122598611536,0.0022112073692585285,6986,3201,131091
51,0.11003830865859493,0.05326195008912744,0.009546398502761603,2295,927,79303
65,0.09421821958947746,0.06846452178205184,0.032371129757629784,934,368,69547
41,0.13122777144415212,0.04958837963100792,0.003613302239137652,6482,1956,153432
26,0.14349673340407595,0.040375850792618594,0.002037736537105295,7021,3095,124903
39,0.11776198575516679,0.05199438930588335,0.009189409773404364,2440,900,98175
23,0.16368048992998205,0.09696402375240143,0.004181204844113864,3659,1308,90599
30,0.11178911882078187,0.031777866210317314,0.015636533342600956,1227,548,59893
35,0.10469718331695914,0.0348780854421016,0.009415981554732214,2118,971,66281
41,0.14645122763836904,0.07024718970667058,0.001115523566659727,13662,5643,196336
37,0.1325923282885583,0.03609783806225202,0.002024416615513525,7595,3425,190992
46,0.11479596956428068,0.058050211292958356,0.003544951280337939,6313,2381,183974
46,0.08926694544242268,0.04717045460551954,0.04884879059931272,563,231,31928
44,0.15015768172239585,0.11847221037917036,0.004426420044384548,4641,1450,146725
34,0.1267964687122791,0.046463117344514436,0.01584582448907097,1421,480,52889
67,0.1375297428737988,0.10396242963440128,0.0019199765836461857,10554,3602,154083
34,0.15586404890168695,0.06713361901107835,0.0033298004335290286,4819,1748,184281
32,0.09567900542446753,0.05231272402366152,0.05162618648799553,481,200,25876
55,0.11259366788360645,0.042674376578400494,0.008945415355234992,2850,1000,66120
61,0.07171936556783895,0.038271362034412705,0.04072948352789081,656,349,33775
22,0.17498784758015015,0.09389580068301234,0.008633959190441893,1511,589,42771
87,0.08205325468501527,0.03624839572262692,0.009259800184795353,2743,1388,63058
40,0.11464965122753612,0.0875042064299301,0.029044110982089776,1735,294,107184
34,0.11456507593843185,0.0472709383957585,0.023268087262189447,1577,360,103082
40,0.09910900186998949,0.04822329575575082,0.017806895634164953,1315,560,60170
45,0.14061753245016725,0.07373578530895253,0.0016194491595743416,12217,4074,149808
34,0.14322809199201933,0.0809556052529962,0.019853662910062936,877,339,36089
43,0.09961441689036481,0.040378660969597434,0.02107745163355149,1146,476,38625
46,0.12216179161201436,0.05379413919682806,0.007202426466676904,2381,1096,98078
50,0.1361737501426739,0.059277660591728475,0.0066506398292857,2951,1059,74167
40,0.07948623187367512,0.038564579626682735,0.05112983923884514,692,256,107790
42,0.1271860314099983,0.10238326121377923,0.003997423667226054,6829,1896,164611
25,0.16359755461264633,0.11080622996657612,0.0045976938141410436,2974,1227,81643
34,0.12567429266549665,0.12191245386879948,0.06419144463773424,537,129,25761
62,0.0802422964492208,0.036381435192788754,0.02630311224859357,1159,500,100594
36,0.13361777096457678,0.04280918938623236,0.002937762093062941,5350,2376,101949
37,0.11600584502757084,0.023956191016021616,0.05446604839394213,353,155,36172
40,0.08933449298117134,0.028944455048624827,0.014488273434379851,1816,756,89511
32,0.13177858805427933,0.057415404182594346,0.0030167198411271685,5277,2347,83111
31,0.1480810030768745,0.06772728576438879,0.007827938731194944,2826,805,84796
27,0.12505703303516852,0.04257507488674862,0.014481871195009663,1058,516,45569
52,0.08407521281000986,0.05965637314821522,0.055048757918713075,455,225,21605
43,0.09850900121233765,0.04342658522977156,0.015512837132626505,1536,654,113017
37,0.09151850969116507,0.02869746389921359,0.012384016274048334,2023,849,90843
54,0.10237978150905465,0.04383999745153003,0.004145259161859696,4909,2332,66263
80,0.1009354520479066,0.0517566524702282,0.004580890517959784,4874,2150,95642
28,0.1625479652385115,0.057142210525349506,0.0010942439243976823,12710,4960,174806
24,0.16595019209281245,0.06862150166192307,0.0015678776734700936,8575,3387,132439
24,0.1350482276956302,0.0603394785331657,0.010645539680403058,1505,646,68640
31,0.1293824851096678,0.035087272669736144,0.019326964782337357,833,379,57836
46,0.08743787472316109,0.0176241779760159,0.0066577237159249686,3064,1677,93411
24,0.161585466535643,0.06017189451979701,0.003372689031604246,3550,1644,65563
28,0.16038627646922654,0.046993473222888896,0.0022449976387934017,5766,2469,140361
34,0.10726486148145631,0.03305893277364947,0.0423238129120482,483,222,24971
37,0.12393449894003584,0.04349118847200672,0.0026763407356474997,7653,2798,134050
40,0.11872417299798094,0.04391326211004215,0.008972919963282968,1865,902,72935
48,0.10286400828616182,0.09416690138041035,0.02601766117369793,991,379,44225
23,0.14584412118879564,0.0814967573964286,0.017601422591508514,1063,357,66298
19,0.23343814836383303,0.15638978972695888,0.034433787415438795,525,110,42458
45,0.10313314009767677,0.037365008275702466,0.008080953789647263,2516,1160,77687
51,0.11333409670188957,0.04536661041491203,0.005766689673405189,3980,1478,139271
33,0.12308308751471447,0.02675563310874318,0.003183231839895617,5168,2379,113530
41,0.0953871170376228,0.034013248388188186,0.010146961553221815,2468,1003,113646
57,0.09382351976520333,0.03386092092778967,0.024906704059848392,1207,437,80976
34,0.12263824537786848,0.029648701501461414,0.007740553298355776,1999,992,56555
59,0.10717177933772871,0.042614295324503074,0.010689549593327173,2022,858,102447
35,0.13485076211851005,0.04226506911791448,0.0015352681275612814,9953,4431,122245
56,0.12642344007688622,0.05555510957371116,0.005109137632786978,3091,1585,45974
27,0.14497737381683495,0.04543736470683038,0.016216366517854068,1261,399,90882
29,0.18492926567618675,0.12226057612977564,0.0015387809256548154,10373,3072,107033
51,0.12280795425035128,0.06986444132632509,0.013785712007638787,2055,603,64798
32,0.16682781188538073,0.08964618892644985,0.0009796856418168652,13181,5468,68584
27,0.15911610656287664,0.10863429656912602,0.0035092985132582732,4595,1615,108889
51,0.07292630825677458,0.030140643295698023,0.029665442072970078,913,463,142612
33,0.13092032570864176,0.04194875420765837,0.0021985881638436696,7645,3233,120995
35,0.13377701599633002,0.04351728387867019,0.00408404716765175,4028,1715,99715
31,0.12887259618117627,0.03459099808892933,0.009959928539749764,2490,732,90396
50,0.15225103580305077,0.07754150240089885,0.0013242376707678564,14793,4524,153719
58,0.10069119300257821,0.058281186112015874,0.011299966501693268,2119,893,93598
37,0.10258957597773162,0.035330190688595976,0.01429548011234713,1586,668,102243
50,0.10819998421377834,0.04919519755169193,0.013370303484589634,1674,723,86404
37,0.0946436874617559,0.038281604007726504,0.020127974304998648,1105,509,92092
37,0.14389528576437088,0.10867254938270574,0.00380502834003236,4242,1715,48197
31,0.13218026349333004,0.05900034398137711,0.015536081933537147,1089,472,72445
26,0.15835004351254744,0.11251245735575302,0.01675276928624982,896,345,45725
53,0.062269236773704405,0.03311005139375302,0.06807994124572773,624,242,28675
54,0.08413494550044179,0.02367571647142408,0.032371389205259435,834,371,37409
42,0.0945829661583636,0.05643425192870603,0.035161390682118696,673,301,101849
52,0.1318893146817772,0.06105989909597463,0.0012136563226674995,12815,5949,94856
45,0.11572189281362386,0.03387886307433099,0.008942673063961298,2243,929,108799
27,0.15513874301588523,0.0768898092561077,0.004217941883394192,3793,1391,88236
31,0.1485430392312063,0.07600033843550172,0.003234441432775551,4505,1915,66137
30,0.16782733279214967,0.0952005916305347,0.002615755540628126,5421,2066,119805
29,0.14514699698411548,0.06604807377961062,0.012891714279038543,1373,513,63278
35,0.18718620199030367,0.15514499341331736,0.00156790285056011,7858,3023,109128
29,0.14122778803558556,0.038348557456648655,0.0029657121585136377,4885,2163,101229
31,0.1265424124664163,0.043957176867021164,0.02164698977580094,981,354,87424
34,0.11812835627776273,0.08163171191030029,0.018462804406241047,1201,434,55987
58,0.07859334656160322,0.034338122457719826,0.030410888835861002,1200,450,97351
51,0.10049090288808317,0.045295844116985305,0.012467451922431585,1720,812,37264
40,0.14184292251520067,0.051067988660870554,0.002824209089296641,5022,2306,97238
40,0.13835810633356221,0.05142595777201562,0.002284893165921897,6715,2958,117565
27,0.1513329324643834,0.06251053819122038,0.013083653565661612,1317,472,64297
25,0.19610822407299625,0.13428802540661136,0.0030439055178215894,4133,1476,78984
32,0.11278936409755506,0.05334552311650971,0.01877064737251309,1615,457,85226
37,0.13525190612399304,0.06160423350922134,0.0023973013964671257,7219,2881,125247
37,0.09362624136595317,0.035799693348541106,0.01207993191708707,1986,860,57992
31,0.136864226966361,0.08897209852953522,0.008848260286026246,2265,771,82441
35,0.13628412022962802,0.050150985540424894,0.003198363642241757,4749,2144,132961
56,0.08711679864360332,0.044703297374309406,0.004092234203942402,6017,2854,36586
40,0.1880777904148843,0.15473732594572617,0.001744947153855956,8326,2728,169416
31,0.13837173986374504,0.0698647627885203,0.0029650308901131963,6353,2207,133724
51,0.14701977412045986,0.07382191229626922,0.005417169659561413,3480,1200,99511
39,0.12526550781910337,0.04915015184161036,0.003000333993964584,6091,2468,156684
19,0.25618560758377434,0.20711328678989183,0.007670598135613535,1764,426,127899
35,0.14181051721306373,0.06066473690371002,0.0022707353321603924,6575,2868,75208
42,0.10271073993249041,0.044160550570940434,0.016204540872267158,1821,584,88850
30,0.1356338365674834,0.08916665281342229,0.007024372161986842,3393,981,96443
14,0.2353448678477418,0.11600191709719594,0.024599102876989375,975,148,87319
33,0.13723260267274473,0.04992335431549865,0.0028486816165617197,5768,2376,127267
47,0.15169006762806425,0.07657518356730007,0.007345141600427217,2272,864,79803
29,0.15036512006783476,0.05773310047650663,0.003234427671133278,4200,1887,72607
31,0.11188144871395315,0.052434278397438104,0.050120637451711796,456,175,33670
47,0.10034247098630293,0.05333592044799559,0.02716465852495583,762,374,55364
29,0.13214073414521527,0.04641708712106991,0.033446432740064556,1164,216,66506
32,0.1635460610974738,0.08425956021785713,0.0009470145852293509,13738,5795,178242
31,0.1394601612893397,0.04744340965580292,0.003895243855206425,3589,1697,68815
37,0.14196373271919766,0.04244164904410183,0.002486831797352411,5645,2587,122346
34,0.14075040923244317,0.047950730502495056,0.0013986226770799353,11049,4690,118019
41,0.11972295239607454,0.05965423030902446,0.006386821301292778,4081,1261,98276
24,0.15261302471819907,0.1009400162942875,0.06215589205979422,492,102,39751
39,0.14243364874253384,0.053954232174268174,0.0011439236209166382,13395,5715,199206
64,0.08112510095152112,0.020629576983997734,0.0077277688837899886,3211,1605,93180
30,0.1501516766259065,0.06607523592931125,0.0009545178477048287,19493,6280,225667
29,0.16451285375095637,0.06616250286885635,0.0009492284754430563,17884,5647,239313
33,0.13949072035979307,0.05957027871499458,0.009057806168245431,2028,755,90657
28,0.13027446420239114,0.050253984161503715,0.015234173812560967,1248,483,59588
22,0.20718281805708094,0.1694412916853862,0.035516060492438446,615,127,42107
43,0.11095212494797946,0.026369718448368596,0.0026625282911720443,6968,3194,172041
36,0.0974881060252588,0.06323424636234827,0.05078254936684139,597,199,67195
31,0.16046574693162674,0.0765891616434132,0.00196567844805446,6526,2876,149951
38,0.14190647713694762,0.04632015395616944,0.002498930325453868,6318,2631,103906
33,0.12179167516410919,0.04737224783316026,0.006875196894909635,2449,1143,92821
31,0.13480690616070334,0.03947043023694728,0.0018056814389739752,9016,3753,102117
42,0.13040635635297534,0.0501573351605232,0.0034517887918552146,5199,2094,81278
43,0.07779800872442912,0.03998072017309143,0.0330135743679544,779,387,41869
32,0.12275691931018572,0.03857894840019849,0.014543373923339495,1044,544,18650
35,0.11162212836437692,0.05013266647882032,0.05676635192764225,853,156,67585
45,0.17510007844289704,0.10665303476824173,0.001142530226333434,12852,4518,188666
35,0.1309991375573453,0.04440795605292266,0.0022050650552132563,7759,3216,95402
28,0.09870494596112239,0.03782620006705746,0.03323370835660902,734,289,62870
30,0.14984677989112366,0.03095157482286617,0.0024544296295610692,5318,2445,62453
46,0.1073442792522736,0.057329475871604835,0.008673264786565068,2161,1074,107550
25,0.16172880681544924,0.08658479626787507,0.012872538292706352,1323,442,38547
45,0.14777383651387557,0.09020241098427519,0.004166551127885664,3773,1530,73237
41,0.13397764700921305,0.05976915182836624,0.004144777465323075,4317,1702,67800
28,0.16678254300286152,0.07193486751442628,0.002046149061804659,7429,2632,145436
28,0.16723516010113224,0.11406482783155804,0.0015759250102608076,19399,3417,201637
60,0.08914021264227687,0.028091296084944165,0.010694608706393301,2589,1046,79561
22,0.1989888372257508,0.10756169946056217,0.003153653476541116,4091,1395,96154
29,0.12719523285203005,0.06657676936337593,0.003998392200075205,5206,1820,171721
59,0.12618233343098187,0.06545714811650727,0.00893211758172266,2318,899,74317
28,0.1459643264383085,0.0395801168677192,0.005062373466435519,2800,1229,72383
57,0.10056969634511412,0.027177275780393986,0.01280284939960023,1673,780,63410
26,0.2051571965520024,0.1746296605193053,0.020003008193629043,1722,231,102874
44,0.13252673222626302,0.12451893105899876,0.011683014426685503,1737,640,101078
19,0.18963275917462633,0.0816815974246713,0.001084542453759118,14903,4119,241391
43,0.1386742116238022,0.08193861584337585,0.0024021841896002434,7065,2839,184986
34,0.14611321183928383,0.03884418270073394,0.002085516327587037,7176,2961,151725
46,0.13388137050930451,0.06329788221562543,0.005481701152296693,3053,1321,91784
36,0.11309627941877236,0.0267761571432535,0.0334602865595536,597,259,41095
42,0.10338910204513384,0.03148494538517612,0.004854251198211047,4030,1897,85473
27,0.1514020319477966,0.0643702294725007,0.003346669639238831,4899,1771,179015
58,0.1617030272313645,0.10797904987675457,0.001555289892148412,8686,3619,97840
38,0.15534787217595852,0.07707208006253825,0.004170022745805848,3333,1433,87162
31,0.13607731721497687,0.05806587517230194,0.007297402452371922,3139,954,165588
73,0.05956530862357186,0.023245198063047347,0.04344057447505723,858,407,23637
48,0.11319632679159679,0.05581055644453174,0.009944938438886095,1727,866,55342
46,0.09426867162454866,0.045901907001044934,0.06372331691297209,368,176,34507
30,0.1506713739188249,0.06850824904772246,0.0018905876174890245,8147,3201,169752
59,0.11827997705740094,0.040852242781308716,0.0037047108565205094,4821,2209,86310
36,0.11235679232374762,0.03914667860773678,0.01081306943109194,1974,804,76775
41,0.13390529343137497,0.03694321663003399,0.002168850550760264,7418,3199,132559
21,0.16913019844551425,0.12292178377300934,0.006340560842875928,2701,831,182136
25,0.12414775894141725,0.03835300517434267,0.019731499965424556,841,388,66736
51,0.15610688408253903,0.11572733649620007,0.005948295323901372,2529,1060,74060
64,0.08757244641899037,0.04060008938089956,0.011359202242649337,2063,1055,54445
42,0.10088271055944674,0.035125240699985835,0.006891124001308343,3062,1393,64082
54,0.1280751672971263,0.04711030457875968,0.005116940262425572,3410,1485,94479
17,0.1949421625046105,0.13098733832789092,0.016404828354699544,1017,274,72801
43,0.12999314013420787,0.039919003428902367,0.003594598138313108,4700,2014,170166
31,0.12568728609621382,0.035313502150329815,0.01650853694202057,1044,451,34614
39,0.14343404709328852,0.06174569450524627,0.004487668541430773,3627,1451,143082
42,0.1186921287233669,0.03342834239771503,0.0034119243557942,4419,2314,112303
27,0.15340725338472244,0.06924011650381284,0.01228742136000201,1004,496,52903
34,0.15088056404624786,0.0756148204099716,0.0035255549881202156,4428,1717,178195
24,0.16808334221881474,0.12723911498867285,0.014020378678771254,1930,387,55215
47,0.09876043556539693,0.032344641800374614,0.019789759159036635,937,501,67427
28,0.13827196517219503,0.0445936628759015,0.010416039072845648,1501,654,65409
29,0.14305180461931566,0.08235925807977748,0.005634272182248484,2680,1147,83169
48,0.10149185604075793,0.05188579743447096,0.009479894753387947,2485,1039,76680
